Date,Open,High,Low,Close,Volume,Dividends,Stock Splits,adi,adx,aroon_25,awesome_oscillator_5_34,bcpb_20_2,cci_20,chaikin_20,BearishEngulfing,BearishHarami,DarkCloudCover,EveningStar,EveningStarDoji,GravestoneDoji,HangingMan,ShootingStar,BullishEngulfing,BullishHarami,DragonflyDoji,Hammer,InvertedHammer,MorningStar,MorningStarDoji,PiercingPattern,dpo_20,donchian_20,emv_14,force_13,ichimoku_9_26_52,kama_10_2_30,kst_10_15_20_30_10_10_10_15,keltner_20_10,macd_26_12,mfi_14,mi_9_25,ppo_26_12_9,psar_0.02_0.2,pvo_26_12_9,roc_12,rsi_14,stc_50_23_10_3_3,stoch_14_3,stoch_rsi_14_3_3,trix_15,tsi_25_13,ulcer_14,ultimate_7_14_28,volume2_3_14,vpt,vortex_14,william_r_14
2020-09-16,245.0,319.0,231.11000061035156,253.92999267578125,36099700,0,0,-17353656.68937921,0.0,,,,,,False,False,False,False,False,False,False,False,False,False,False,False,True,False,False,False,,,,,,,,0.4198808822539651,,,,,0.0,,,,,,,,,,,,-3132345.597156903,,
2020-09-17,230.75999450683594,241.5,215.24000549316406,227.5399932861328,11907500,0,0,-18106386.294690154,0.0,,,,,,False,False,False,False,False,False,False,False,False,False,False,False,False,False,False,False,,,,,,,,0.32029487672706825,,,,,0.0,,,,,,,,,,,,-4364434.935345516,,
2020-09-18,235.0,249.0,218.58999633789062,240.0,7475400,0,0,-15055753.930205345,0.0,,,,,,False,False,False,False,False,False,False,False,False,False,False,False,False,False,False,False,,,,,,,,0.45859851848161376,,,,,1.0,,,,,,,,,,,,-828152.0062965084,,
2020-09-21,230.0,241.5,218.60000610351562,228.85000610351562,5524900,0,0,-15634781.432947263,0.0,,,,,,False,False,False,False,False,False,False,False,False,False,False,False,False,False,False,False,,,,,,,,0.3619969600267574,,,,,0.0,,,,,,,,,,,,152672.66139959588,,
2020-09-22,238.5,239.0,225.14999389648438,235.16000366210938,3889100,0,0,-13902233.516184196,0.0,,,,,,False,False,False,False,False,False,False,False,False,False,False,True,False,False,False,False,,,,,,,,0.44781502766740827,,,,,0.0,,,,,,,,,,,,-149444.77274918323,,
2020-09-23,243.5,254.8000030517578,213.0,217.38999938964844,5851900,0,0,-18524954.78160497,0.0,,,,,,False,False,False,False,False,False,False,False,False,False,False,False,False,False,False,False,,,,,,,,0.23380842736627896,,,,,0.0,,,,,,,,,,,,-334969.53984274244,,
2020-09-24,213.50999450683594,230.9499969482422,208.5500030517578,226.74000549316406,4822000,0,0,-15515506.953735057,0.0,,,,,,False,False,False,False,False,False,False,False,False,False,False,False,False,False,False,False,,,,,,,,0.3818378785374841,,,,,0.0,,,,,,,,,,,,-234806.6720822295,,
2020-09-25,228.1199951171875,236.25999450683594,227.89999389648438,229.0,1985500,0,0,-16978504.092712317,0.0,,,,,,False,False,False,False,False,False,False,True,False,False,False,False,True,False,False,False,,,,,,,,0.4128425328841025,,,,,0.0,,,,,,,,,,,,227185.75198694627,,
2020-09-28,235.92999267578125,253.0,235.92999267578125,250.41000366210938,4241900,0,0,-14023833.237612648,0.0,,,,,,False,False,False,False,False,False,False,False,False,False,False,False,False,False,False,False,,,,,,,,0.7417325511744435,,,,,0.0,,,,,,,,,,,,416380.08411195583,,
2020-09-29,255.0,259.70001220703125,246.02999877929688,259.1300048828125,5290600,0,0,-9174444.325729556,0.0,,,,,,False,False,False,False,False,False,False,False,False,False,False,True,False,False,False,False,,,,,,259.1300048828125,,0.8753323870286197,,,,,0.0,,,,,,,,,,,,580823.9398263933,,
2020-09-30,261.5,278.260009765625,243.0500030517578,251.0,5418900,0,0,-12146299.154002124,0.0,,,,,,True,False,False,False,False,False,False,False,False,False,False,False,False,False,False,False,,,,,,259.07958606485283,,0.6968450762911571,,,,,0.0,,,,,,,,,,,,14220.181756022706,,
2020-10-01,255.25,255.91000366210938,238.0,243.4600067138672,3977400,0,0,-13698615.260839185,0.0,,,,,,False,False,False,False,False,False,False,False,False,False,False,False,False,False,False,False,,,,,,258.7007980849791,,0.5601665049583648,,,,,0.0,,,,,,,,,,,,-289494.1813681813,,
2020-10-02,232.44000244140625,243.1199951171875,227.0,227.10000610351562,2726200,0,0,-16390989.364811014,0.0,,,,,,False,False,False,False,False,False,False,False,False,False,False,False,True,False,False,False,,,,,,258.11820116234077,,0.27252142436342136,,,,,0.0,,-10.565899006078517,,,,,,,,,,-302675.26430548436,,
2020-10-05,231.97000122070312,243.42999267578125,231.2010040283203,240.0,2362100,0,0,-15353935.2754792,0.0,,,,,,False,False,False,False,False,False,False,False,False,False,False,False,False,False,False,False,,,,-48530225.44947927,,257.8344746449258,,0.5116136004662344,,48.3112071121942,,,0.0,,5.475963382928758,47.9579254489518,,,,,,8.298074924536328,,-4233321.428571428,-49020.206808782736,,-71.52557916051376
2020-10-06,244.17999267578125,247.99000549316406,239.0,245.10000610351562,1572800,0,0,-14792345.122568915,0.0,,,,,,False,False,False,False,False,False,False,False,False,False,False,False,False,False,False,False,,,-377.46638256140903,-40451437.58532375,,257.6536652331273,0.0,0.6079442383440472,,49.56146434496974,,,0.0,,2.1250025431315103,50.56571944109945,,,,,,8.423296719525588,,-2568647.619047619,167596.7417330635,-0.20221693868331825,-47.56849873536587
2020-10-07,245.5,252.36000061035156,245.2899932861328,246.0,1682800,0,0,-16137154.157834595,0.0,,,,,,False,False,False,False,False,True,False,True,False,False,False,False,True,False,False,False,,,517.8838123507941,-34456302.25470552,,256.92287342782464,4.779860252831696,0.6211465592721586,,61.03261418372531,,,0.0,,7.493988830713391,51.032039660255585,,44.87615915467101,,,,8.066661197459489,,-2186111.904761905,39601.19010563216,0.14573754916054915,-46.27744464010734
2020-10-08,250.0,250.0,239.99000549316406,240.19000244140625,1343800,0,0,-17427256.646039896,0.0,,,,,,True,False,False,False,False,False,False,False,False,False,False,False,False,False,False,False,,,156.46492410912884,-30649326.892495915,,256.5188794095047,9.788226720611263,0.49544351922604385,,53.72441093824197,,,0.0,,2.1389686600465656,47.89128788690432,,50.514029175782504,,,,8.169294867101272,,-2087573.8095238095,-25558.55200346496,0.08605128256832073,-54.61196909717928
2020-10-09,242.0,243.69500732421875,235.47000122070312,238.0,1728000,0,0,-18092196.549645234,0.0,,,,,,False,False,False,False,False,False,False,False,False,False,False,False,False,False,False,False,,,83.32123974758501,-26811469.36767507,,256.22782154670114,12.062008724126045,0.4477255256112238,,57.80105465248277,,,0.0,,9.480657191322923,46.7239841196828,,47.119009130975826,,,,8.032365750704702,,-1764633.3333333333,-47493.24638935545,0.07761516755936915,-57.75355886978591
2020-10-12,250.32000732421875,251.5,243.0,243.97000122070312,3138900,0,0,-20514687.883371107,0.0,,,,,,False,False,False,False,False,False,False,False,False,False,False,False,False,False,False,False,,,180.11945902355475,-20304225.6249122,,256.0594787874882,13.488003657653167,0.5775479355700078,,57.29397122186224,,,0.0,,7.599010015927042,50.28159972679951,,46.14832171942086,,,,7.941088853652472,,-1225680.9523809527,62980.744930045905,0.12373363903373413,-49.18950687477222
2020-10-13,247.0,250.5,245.27000427246094,249.61000061035156,1462400,0,0,-19550007.260298517,0.0,,,0.735244098151258,53.69567498455333,-0.17377506191277398,False,False,False,False,False,False,False,False,False,True,False,False,False,False,False,False,10.781002044677734,0.3717519121148986,103.22655750131102,-16225345.520293048,,255.92241244001843,13.954799324686547,0.7073448364300822,,66.34948986099788,,,0.0,,9.000000266529067,53.44451431374811,,50.652695679011664,,,,7.016732442138249,,-872611.9047619049,112543.45839404105,0.13318096946404,-41.09884721840686
2020-10-14,251.99000549316406,252.0,239.0,243.17999267578125,1707500,0,0,-20159455.338160597,0.0,,,0.6008963367851327,40.217226976236105,-0.03592130351174997,True,False,False,False,False,False,False,False,False,False,False,False,False,False,False,False,20.038503265380854,0.4967721458723458,443.04018881433393,-15475901.667148158,,255.69728780480523,19.022549629147974,0.5978897753994872,,70.90204116459739,,,2.0,,-2.887269230698921,49.57257177821174,,47.0920661237754,,,,6.614464430247533,,-656980.9523809524,-10178.402392024887,0.25671060783015487,-68.43544753549469
2020-10-15,236.02999877929688,241.35499572753906,231.4600067138672,241.0,1843600,0,0,-18448138.4811508,0.0,,,0.5315765780902239,-21.236846934097514,-0.005022392105021243,False,False,False,False,False,False,False,False,False,False,False,False,False,False,False,False,11.235498046874994,0.4654998396634355,-276.3678288052087,-13839206.357137037,,255.58385723132227,25.231590808463537,0.5200810798645921,,66.22141406910005,,,0.0,,-6.996490001615796,48.2950835718648,,39.259148030945546,,,,6.353178663926147,,-1078611.9047619046,-60512.56647054515,0.0426744271079571,-72.68826115326179
2020-10-16,242.0,245.99000549316406,241.58999633789062,242.52000427246094,1016000,0,0,-19034644.801397435,0.0,,,0.5670778008881124,23.57569711687917,-0.06460675298227186,False,False,False,False,False,False,False,True,False,False,False,False,True,True,False,False,3.569504547119152,0.48730451798888696,-403.9927112644747,-11641559.114571702,,254.73163503709065,34.13068087585434,0.5604082687104708,,63.122075174832716,,,0.0,,-3.37848435360122,49.276601530771856,,29.71777099874103,,,,6.569658034733642,,-996990.476190476,-10119.01007647405,-0.009901754505391658,-69.72297831502041
2020-10-19,245.0,249.86000061035156,243.0,246.77999877929688,1535100,0,0,-18878002.64110009,0.0,,,0.6566134478666646,47.15859409970946,-0.056309345327456094,False,False,False,False,False,False,False,False,False,False,False,False,False,False,False,False,-13.686995697021473,0.5484147474617025,-474.75459391860204,-9044262.44571234,,254.510984245901,34.32195428024637,0.6854819291675636,,58.49158814621591,,,0.0,,1.363670407407651,52.02530293726417,,32.05878115459537,,,,6.585006674434207,,-786207.1428571427,33372.84318810495,-0.0751655854900194,-61.41241706793166
2020-10-20,247.0,252.5,243.3000030517578,251.77000427246094,1734300,0,0,-17418926.991150096,0.0,16.0,,0.7600271421973355,67.30680137875153,-0.06343047696888619,False,False,False,False,False,False,False,False,False,False,False,False,False,False,False,False,-1.6175018310546818,0.6199970887695455,-780.6015954927225,-6515915.449639944,,254.4361786117076,33.1101505759665,0.8401781618461815,,52.584121785315666,,,0.0,,10.863054824269954,55.09496739100685,,51.51476804976961,,,,6.531401929566275,,-559454.7619047619,62033.204953814246,-0.17152486866096295,-14.320300467739091
2020-10-21,251.64999389648438,271.2900085449219,250.35000610351562,270.6099853515625,3359500,0,0,-14277625.429711252,0.0,80.0,,1.1554230502119833,201.51862089881004,0.0802150236526965,False,False,False,False,False,False,False,False,False,False,False,False,False,False,False,False,0.8215049743652401,0.8902593074554861,235.2673222768764,3456774.819628861,-12.399993896484375,256.10031304154614,39.319542056233416,1.5360662842899417,,66.58759928887315,,,0.0,,12.754160563151043,64.36564855265166,,74.24396503446202,,,,6.328285983339096,,265847.61904761917,286460.15403037943,0.17644592588451746,-1.5353873609431576
2020-10-22,269.010009765625,301.0,263.0,297.0899963378906,5192800,0,0,-10153450.009532388,0.0,84.0,,1.3452342698318378,342.2412068676971,0.10056352002720689,False,False,False,False,False,False,False,False,False,False,False,False,False,False,False,False,-1.7960006713867074,0.9471621126741976,1844.7424809052343,22606578.56679683,11.455001831054688,266.3879159397974,52.65757051129811,2.334040557202879,,78.80095318119236,,,0.0,,21.211745793436467,72.84985405616408,,92.84750238288517,1.0,,,5.397596364409921,,1308895.2380952379,759523.0978405612,0.5306332144886704,-5.601805022662251
2020-10-23,290.3399963378906,294.0,262.239990234375,265.04998779296875,5619300,0,0,-14778404.012945436,30.364284808517436,84.0,,0.768782201568128,180.30894121878887,0.03862948946019301,False,False,False,False,False,False,False,False,False,False,False,False,False,False,False,False,-9.408497619628918,0.5141890242293075,1604.6945868887992,-6343278.373671211,11.455001831054688,266.32615918958686,57.97710576693083,1.0269186201116074,,63.14995257039803,,,0.0,,7.743897476816565,55.60027790007826,,80.38863998588302,0.33975112798065754,,,5.792142237456024,,2371238.0952380956,-97888.50911528768,0.41704913964755175,-51.69688765874551
2020-10-26,266.07000732421875,271.0,244.6300048828125,251.38999938964844,4040100,0,0,-16747130.568566829,30.335045077256893,84.0,,0.5303020039154482,40.67402008167768,-0.04798584247903028,False,False,False,False,False,False,False,False,False,False,False,False,False,False,False,False,-11.64749984741212,0.3295945863466005,405.74041237090717,-13321055.627183095,11.455001831054688,266.1676408036054,51.23462602873059,0.5456312681118815,,54.48158008572153,,,0.0,,4.662973826720536,50.148364973342105,,57.12035457257608,0.13107241450657375,,,6.9538944681350054,52.863390944729204,2421869.047619047,-814236.0669666679,0.13291811414642174,-71.34024360086391
2020-10-27,254.88999938964844,273.0,253.99000549316406,266.7699890136719,3492900,0,0,-15543637.37153254,30.39349440483281,84.0,,0.7843080066715152,94.32731193902156,-0.11589960122943711,False,False,False,False,False,False,False,False,False,False,False,False,False,False,False,False,-6.059497833251953,0.5374322839685388,466.5984339233265,-3743652.5721924445,11.455001831054688,266.18059798705605,47.110213355823866,1.0270997045947219,,56.86983295752081,,,0.0,,12.088230678013392,55.44564035053874,,42.57979322737022,0.3338321844233526,,,7.345915327161898,55.78804990089713,1725942.8571428573,5478.652339834225,0.12758252582146512,-49.223489058279846
2020-10-28,258.5,272.5299987792969,254.00999450683594,272.44000244140625,2094300,0,0,-13469691.506193794,30.447768780439016,80.0,,0.8439154803626684,96.94039551262388,-0.02563233543789952,False,False,False,False,False,False,False,False,False,False,False,False,False,False,False,False,-1.4914985656738224,0.6140540870460304,656.1696250806733,-1512458.0444929386,16.519996643066406,266.4447928240362,45.4663040000136,1.2360123850163234,,61.181049325750955,,,0.0,,11.669467999448115,57.2491984356268,,46.122126350714154,0.40286560185492437,,,7.4205058657374074,60.12331250177906,497335.7142857141,258207.83208539628,0.15366590793516177,-41.0698882887137
2020-10-29,273.79998779296875,276.2200012207031,264.1600036621094,265.8800048828125,1146900,0,0,-14289448.919233862,30.671839504575413,56.0,,0.7170983138791879,96.10818591414895,-0.012107420770270716,False,False,False,False,False,False,False,False,False,False,False,False,False,False,False,False,-9.042506408691395,0.5254054713893581,1359.945137449921,-2371201.3524155435,17.224998474121094,266.4264341008771,45.034459711785004,0.9818965943940238,,64.98491975216425,,,0.0,,6.51817003833067,54.500393998896044,,53.067772449903316,0.252713029062887,,,7.628721324678826,56.83254871429636,-425557.1428571427,16897.066109505908,0.25455725499085446,-50.503305303296436
2020-10-30,261.0299987792969,262.6300048828125,241.5,250.02000427246094,2397600,0,0,-14753536.61226147,29.073293573502752,56.0,,0.4428715737847905,-10.056186666220237,0.033782321124917726,False,False,False,False,False,False,False,False,False,False,False,False,False,False,False,False,-12.36849899291991,0.26961706228233234,70.66994803586363,-7464735.082553167,7.25,266.2754375464113,40.737872752881486,0.3967791225118974,,58.10086296966657,,,1.0,,2.812736163619803,48.444191967955064,,45.03882682706314,0.006072481768282264,,,8.58386828414014,51.74067708861617,-737707.1428571427,-170635.01559594568,0.04897599891682225,-73.31032592680037
2020-11-02,254.10000610351562,260.82501220703125,247.0,252.22999572753906,1301000,0,0,-15070201.214992488,27.588929494649566,56.0,12.46479528090532,0.4694790455562943,-2.784667252041654,0.005984738544234034,False,False,False,False,False,False,False,False,False,False,False,False,False,False,False,False,-11.459994506835926,0.29867689127047536,194.68024719715282,-5987601.658894624,7.25,266.16746567743246,35.45108681343298,0.4469301069282578,-0.7813313315228632,57.95340014277059,,1.9384392180262269,0.0,-52.21388281724068,4.65974926453903,49.289798112948624,,35.35135263231688,0.040510032122672866,,,9.434231324963921,45.34968054494953,-990611.9047619046,-131519.294073029,0.0570277207218336,-70.13231087295247
2020-11-03,256.0,264.5400085449219,254.0500030517578,262.1300048828125,1376400,0,0,-14326237.307173563,26.438217575169407,56.0,12.088325141457972,0.6277088789382503,36.29026983761744,0.009872404653684934,False,False,False,False,False,False,False,False,False,False,False,False,False,False,False,False,-8.051499938964838,0.4410411436588579,617.3943578228045,-3185605.336007056,7.25,266.12118097878533,32.337714950006195,0.7558477036939386,-0.6260712115921248,62.0765231939708,,1.8739900080152305,0.0,-52.135391374991336,8.085931166453616,53.00808869786554,,33.553825855377625,0.19193847195657196,,,9.807624124514872,52.94777314366807,-890461.9047619046,65523.476154977136,0.11783771153273981,-55.895885634114215
2020-11-04,270.7900085449219,274.8699951171875,262.20001220703125,263.9100036621094,1394700,0,0,-15344468.751642095,25.965631828135972,56.0,11.960002988927528,0.6433898987655945,70.96619089152286,0.016892567222925606,False,False,False,False,False,False,False,False,False,False,False,False,False,False,False,False,-3.9569946289062443,0.4666379074085005,1565.5443077004927,-2375866.8169367122,3.75,266.10094679249744,26.860803598537508,0.778547995343407,-0.4255918441845141,66.44783795759103,,1.8289412805074075,0.0,-52.20504400329936,6.94140731321277,53.66592416413017,,37.211891731319135,0.21395576884176618,,,10.079801611499912,52.93562275531681,-1192697.6190476192,63494.33766217436,0.2599607004699436,-62.336128298975844
2020-11-05,271.4800109863281,271.69000244140625,258.8999938964844,263.2099914550781,1272500,0,0,-15759350.576634996,25.25800178544325,56.0,10.054531546200025,0.6139603414263267,49.83213948587424,0.035598095979512974,False,False,False,False,False,False,False,False,False,False,False,False,False,False,False,False,13.731986999511719,0.4565715819179163,1104.5650230783272,-2163709.4907239345,-5.1399993896484375,265.9038127975558,16.336740394184496,0.7178700970085294,-0.3645778857050841,63.236187130789595,,1.789809802615015,0.0,-52.40365942118114,4.543824517807547,53.34962638004661,,39.41845555455995,0.20099575231198022,,,10.39023172052108,48.98271057942937,-1220519.0476190473,6095.474372903391,0.17389166091010066,-63.51261940323004
2020-11-06,263.44000244140625,270.0,259.20001220703125,265.0,986800,0,0,-15686255.313081503,24.60091674580001,36.00000000000001,11.545355718276085,0.6273938659999535,44.624654472032326,0.05217535416705492,False,False,False,False,False,False,False,False,False,True,False,False,False,False,False,False,38.86199798583982,0.4823122882414935,965.9661299008354,-1602268.073173529,-5.1399993896484375,265.90000292522194,14.286410342051411,0.7326021536681564,-0.23443834217699422,62.77923985547444,,1.763232885854445,0.0,-52.810321805826675,-2.0730888197914417,54.09469215620145,,37.88235020570727,0.23152415074108074,,-11.579512193149462,10.774444706027811,43.550038894754024,-1311221.4285714286,3335.6546184508816,0.14679858524977563,-60.50420168067227
2020-11-09,263.989990234375,265.95001220703125,239.0,239.83999633789062,2965900,0,0,-18467268.930143256,23.207996825705255,36.0,10.657855449003307,0.16427995098697404,-64.20496986529567,0.044567626910723135,False,False,False,False,False,False,False,False,False,False,False,False,False,False,False,False,7.0284896850586165,0.12050604591724223,123.30002604429176,-12033666.185784481,-8.490501403808594,265.3420080798044,8.51668436796787,-0.06068242949625205,-1.787146837549023,56.37932976097297,,1.5870467010157636,0.0,-52.19001271880214,-19.270255042477974,43.563011875799944,,25.779337239715677,0.0,,-13.324788527741752,11.942074333834668,38.47746882441694,-875459.523809524,-274881.7427561165,0.0426706922341894,-98.64516719695061
2020-11-10,249.64999389648438,249.94000244140625,229.97999572753906,235.67999267578125,2266800,0,0,-19439404.72812185,22.460950630969815,-52.0,6.612618883918287,0.12136287710402298,-119.23657827033455,0.002366133240130745,False,False,False,False,False,False,False,False,False,False,False,False,False,False,False,False,-5.9349983215332145,0.08025903415007885,-1239.0610402577865,-11661699.059425203,-12.389999389648438,262.3383045937545,-1.6331838515180905,-0.14448433988178697,-2.9689921271465716,49.011318368846545,,1.2956050504710097,0.0,-51.22628624838953,-11.080926794883869,42.103430894334885,,16.29217817912832,0.0,,-15.09477281321665,13.157978958988283,36.307025822253244,-465976.19047619053,-320910.1066743019,-0.13557068232485991,-91.97409658499211
2020-11-11,241.7100067138672,246.88999938964844,237.5,240.75999450683594,1442400,0,0,-19880267.69248713,21.76726487871548,-52.0,0.684471040613488,0.21491577512681181,-96.90755604657133,0.0060067610393849565,False,False,False,False,False,False,False,False,False,False,False,False,False,False,False,False,9.565991210937511,0.15178820234846113,-2242.215735203149,-8948971.387919705,-13.06500244140625,260.0574268743196,-12.046992274862028,0.004696086161677088,-3.25999076333223,41.952546070234284,23.27694646353352,0.9751247225172347,0.0,-50.48240115000245,-4.228491550428085,44.54681439299338,,8.739740386691357,0.1613245081173404,,-15.935394021923056,13.520011545476997,34.95188910669825,-46223.809523809236,-8227.006948649025,-0.2962747537082764,-83.16151505798315
2020-11-12,243.8000030517578,244.2030029296875,232.16000366210938,235.3800048828125,1741200,0,0,-20690359.751530528,21.449946944255696,-60.0,-4.917684083826401,0.1356920621964876,-123.99130624069642,-0.048348220982172535,False,False,False,False,False,False,False,False,False,False,False,False,False,False,False,False,15.517004394531227,0.07603504407795947,-2283.8566283802897,-9008780.894409692,-13.06500244140625,257.5379886168044,-24.730876871531986,-0.15068829758340518,-3.6374713862035524,48.580280302444784,23.510137289943422,0.6161706881283036,0.0,-49.683778557750756,-11.76668494342917,42.50111694144015,,12.180869153732635,0.026257239589941923,,-17.094759717969797,13.700374152272913,32.19673417276567,-177450.0,-7818.175127551258,-0.32609256514382157,-88.32178089582676
2020-11-13,237.11000061035156,241.625,232.3000030517578,234.8000030517578,1487700,0,0,-21380365.120498806,21.155294576543042,-64.0,-10.224523387235735,0.14360950992183596,-123.91460118844819,-0.05007066053981506,False,False,False,False,False,False,False,False,False,False,False,False,False,False,False,False,9.343006896972668,0.06786830518521637,-1391.776439201092,-7845079.155788316,-13.06500244140625,256.37623674238813,-27.463943316359558,-0.14786124890838157,-3.7347545445122776,53.720109423167564,23.713802352389045,0.24585862259493932,0.0,-48.9819561560811,-13.815885718817553,42.27571981626749,,12.980198026654868,0.011375384011598851,,-18.103844575809294,13.58060484269843,33.2661633809543,-254835.71428571432,-42574.46896315967,-0.1768463597066321,-89.57610996622542
2020-11-16,234.0,244.17999267578125,230.25,241.85000610351562,1799500,0,0,-20182848.328154273,20.644721184793703,-64.0,-12.816230953440936,0.26621959734735307,-102.93176866338386,-0.02769632087921658,False,False,False,False,False,False,False,False,True,False,False,False,False,False,False,False,-6.2704940795898665,0.16713615406778193,-1598.6239070051556,-4911999.2061559595,-13.06500244140625,255.97587860207588,-24.600053964026042,0.07831888948181955,-3.155874268840222,49.87150124953842,23.942928084951948,-0.06784074476495183,0.0,-48.11359214493539,-9.037911214830983,46.022880827856774,,15.92418125089714,0.2587818625128301,0.013089432119508446,-18.03052356977557,13.638117698933026,37.25632277918678,-14845.238095238106,50365.15253785204,-0.23477188025974305,-74.32956538525633
2020-11-17,245.0,251.55999755859375,243.72999572753906,248.02999877929688,1629600,0,0,-20022593.070304185,19.512245959048915,-64.0,-10.896584095674427,0.369936958288737,-50.13308978754333,-0.055387840749195,False,False,False,False,False,False,False,False,False,False,False,False,False,False,False,False,-3.8735023498535384,0.2541537871852392,-1226.449302494904,-2771582.7389260903,-14.654998779296875,255.62126376790303,-23.98121751615177,0.25638618521573614,-2.2318628666821496,48.53886263341622,24.151513911438013,-0.28961920217543374,0.0,-47.220129625626015,-0.7959385085824737,49.1396626608844,,25.043264579693098,0.5675770515087444,-0.01999748676276721,-17.151938287812456,13.575726135747027,36.63610272972515,-18852.380952381063,95672.17172993894,-0.13953165892724373,-60.9645309094389
2020-11-18,253.0,262.2699890136719,250.73500061035156,260.5400085449219,2202300,0,0,-18480880.81484521,18.616022354125764,-64.0,-8.315893689323872,0.5812518186185546,9.780969549411239,-0.09167265461888156,False,False,False,False,False,False,False,False,False,False,False,False,False,False,False,False,6.530005645751942,0.43030147816018804,-1414.8279591560438,1560185.439039913,-15.5,255.66481947723815,-24.83622073792539,0.628522331981582,-0.7309143957688548,50.74637666223561,24.308039802044263,-0.36103319379154775,0.0,-45.888739882155264,3.294617197852771,54.826081413629296,,44.26115200579676,1.0,-0.035274354962881935,-14.759287672958676,13.289838807369597,48.37488610396789,143961.90476190462,152719.6421958311,-0.11906693593749351,-31.92244768791442
2020-11-19,259.2099914550781,268.57000732421875,253.25,264.0,1592100,0,0,-17838637.888266645,18.224723986039184,-64.0,-4.530487913243917,0.7082073145944401,46.15611666634096,-0.18189793795820713,False,False,False,False,False,False,False,False,False,False,False,False,False,False,False,False,9.96450424194336,0.5313964698858212,29.076443174788178,2124252.1471241945,-16.214996337890625,255.70705437835093,-27.052695626470243,0.7870859319821043,0.47707972933730625,59.461053106051914,24.498858426709404,-0.31209620701571034,0.0,-44.677021457513064,0.7133846115874822,56.28195087611778,,60.96609493032267,1.0,-0.03522325717868615,-12.335502148314387,12.597611964822741,54.32955000355993,132364.28571428568,132221.6880489181,0.09064683130318607,-24.2147366116786
2020-11-20,269.0,273.1650085449219,264.0,266.0,1592000,0,0,-18735821.29657581,18.168701590976195,-64.0,0.873894814883954,0.7477082867770548,88.63260680964808,-0.10353578589765687,False,False,False,False,False,False,False,False,False,False,False,False,False,False,False,False,9.216991424560547,0.7789792386115956,204.34449199614525,2275644.697535024,-13.917495727539062,255.76180147401314,-22.110036683679574,0.8877554163347585,1.3438700927433738,60.117765793067,24.698942027882705,-0.17760297340153602,2.0,-43.535442300325684,0.7919352464435185,57.14177282471446,,74.70113813776146,1.0,-0.023277862571798914,-10.062006991675835,11.93372641679224,52.733247530884974,99045.2380952381,33203.81714129538,0.15402137910870972,-19.759401287122554
2020-11-23,267.1000061035156,274.1499938964844,259.1000061035156,274.1499938964844,1347600,0,0,-17388221.29657581,17.66518512703814,-64.0,6.075601510440578,0.869564306643002,88.20764805611525,-0.01804354402758715,False,False,False,False,False,False,False,False,False,False,False,False,False,False,False,False,9.869000244140636,0.9552334109362342,-244.82142185917297,3519542.851444641,-13.290000915527344,259.3744967834081,-9.075412365308758,1.1686684803669931,2.34077725656639,60.147770427568986,24.94701607192686,0.05403413171162866,0.0,-42.612636299184096,4.1563780998311275,60.546954285840066,,84.80731288834592,1.0,0.0024832614014798043,-7.08577311474608,11.511857537711816,60.27284097086954,-183797.61904761894,53349.82325948705,0.07586690384821448,-1.603923436161053
2020-11-24,275.1000061035156,283.3900146484375,267.489990234375,282.1000061035156,1730600,0,0,-15938437.06511857,17.82317421092748,-64.0,10.851808390897872,0.9696605203741163,131.0578990242072,-0.011691567837680867,False,False,False,False,False,False,False,False,False,False,False,False,False,False,False,False,-16.057504272460932,0.9758470681908499,-265.90075792147576,4982221.176308019,-8.669990539550781,266.0907895374828,3.5281895945351813,1.4379457013559824,3.34888212018539,60.85708524454005,25.200102852229037,0.38179610647793183,0.0,-41.523462437350446,6.452832491892689,63.58620931866316,,92.07379403193379,1.0,0.0425353039782291,-3.5785895144127764,11.118159178907275,66.62596182964441,-161623.8095238097,91474.48596340718,0.07031816871241925,-2.415293180915007
2020-11-25,277.7799987792969,309.7699890136719,277.29998779296875,303.0199890136719,2912100,0,0,-14237096.18190399,19.300534455621914,32.0,16.830660472196655,1.1698660274306416,210.76824512141644,-0.022188496277657795,False,False,False,False,False,False,False,False,False,False,False,False,False,False,False,False,-21.746507263183616,0.9154029255799784,1407.8507219242917,12973487.041502018,0.13500213623046875,278.08517480722765,16.7030863364197,2.0562303044700854,5.131239412631643,69.08196935476646,25.470820511787878,0.8755448502434833,0.0,-39.40681084342941,26.34255905623523,70.11111867392458,,95.84035864697393,1.0,0.10649072190855954,1.9358404736639419,10.692247976680205,68.25250282991239,161295.2380952381,266140.8905815326,0.26139303379294077,-8.45970744200216
2020-11-27,310.0,334.6199951171875,309.7300109863281,328.7900085449219,3293800,0,0,-12486311.20921534,21.510677432537847,36.0,26.65446920955884,1.2403037966286699,282.1330153706853,0.04908821346756094,False,False,False,False,False,False,False,False,False,False,False,False,False,False,False,False,-19.812005615234398,0.9442852961938916,3008.0501681364076,23246030.36872048,0.13500213623046875,300.124079418899,40.18886327431858,2.7434508140937752,7.60327188725281,72.44981656648709,25.439619060570454,1.5897830502219013,0.0,-36.40387000594805,39.50696654901446,75.85145849558869,,94.517842998824,1.0,0.20325296958191125,9.278579719900058,10.295169598830844,70.59283115348148,645242.857142857,496073.414073284,0.4861253858693968,-5.5714703806108385
2020-11-30,338.3800048828125,342.0,312.1300048828125,325.8399963378906,3550400,0,0,-12777523.956512995,23.767415663895765,36.0,36.003468771541804,1.071285297842652,228.97624224023923,0.05215762947595859,False,False,False,False,False,False,False,False,False,False,False,False,False,False,False,False,-28.98299484252931,0.8557400192308138,4088.875294422283,18428922.696068447,6.875,310.3313166148852,59.49032165048952,2.4673728491723455,8.527816652751898,83.3382223215226,25.367357788504567,2.3732135815082183,0.0,-32.76992104208541,35.33809759604352,74.09708201488793,,90.51427470015612,0.9480154365929351,0.3147380655156888,14.530476965329955,8.917597115812184,67.44595782828951,1210092.857142857,248262.4345275078,0.6221198435260411,-14.425998076918624
2020-12-01,321.6300048828125,326.0,302.2799987792969,305.6400146484375,2659300,0,0,-14683426.845132846,25.027728768229583,35.99999999999999,43.557792259665064,0.8424231706155394,144.2198654201698,0.009855706007834312,False,False,False,False,False,False,False,False,False,False,False,False,False,False,False,False,-32.233497619628906,0.6754152475916191,4052.538490938198,8122246.409949714,10.37750244140625,309.52948483858705,73.00626302610048,1.6946298616681712,7.313670565201132,80.39146819823748,25.279639405065947,3.0342325603250457,0.0,-29.440198155375352,29.849608423878234,63.30067926806233,,82.48854396633804,0.6261949931348436,0.414532843317006,15.837271116790614,7.2488173976179455,61.52118020109321,1097790.4761904764,-196714.83449803112,0.6091487072948704,-32.53689964345637
2020-12-02,293.7900085449219,306.739990234375,288.0,292.69000244140625,3575300,0,0,-16469167.136825025,25.121912805981744,36.0,46.41820270313934,0.7101593182967071,81.87453168567669,-0.05170838291158029,False,False,False,False,False,False,False,False,False,False,False,False,True,False,False,False,-26.71149444580078,0.559810786663966,3320.752401323877,347614.25941421,11.635002136230469,308.0676232764507,79.23907380428777,1.2218097837462703,5.268688808972476,69.98833026960112,25.212584847298757,3.5034814237031577,0.0,-25.83927658967178,24.6550249732695,57.51489558268664,,69.6372749407568,0.4538746239350718,0.49097808476876853,15.09531680022254,7.176208369086113,59.23836409585858,1039273.8095238092,-316345.4616690319,0.4394960794531745,-44.125277457354585
2020-12-03,290.5400085449219,343.0,289.0,339.8900146484375,11102600,0,0,-6645416.150316054,26.396263876530213,52.0,48.57024917602541,1.0178754108955226,136.6933972363238,0.17006779212961837,False,False,False,False,False,False,False,False,True,False,False,False,False,False,False,False,-24.33050231933595,0.9724828770660355,4166.256369180192,75161220.15518148,14.560005187988281,312.6578407609935,91.8355475766893,2.3288664412272744,6.636782303550914,81.38022991459076,25.43837588629389,4.077316342517744,0.0,-18.561327724166468,40.53752576833064,68.73256608530559,,73.5265070117585,0.7879751067199151,0.583193283626205,18.92924508790191,6.187141518064788,65.75954725949403,2888002.380952381,1638950.487677367,0.5311117832856167,-2.7583018639135255
2020-12-04,335.3999938964844,395.79998779296875,334.0,387.70001220703125,18611700,0,0,7087502.445460273,28.644265434352512,56.0,53.553188727883764,1.164556322528942,203.25447150501853,0.3335808599263141,False,False,False,False,False,False,False,False,False,False,False,False,False,False,False,False,-18.044993591308582,0.9511519963000518,5380.633394400201,191541807.49890974,14.560005187988281,327.500762699933,113.64833230975202,3.120271185553082,10.096208792173478,89.86041072602073,25.89553134728246,4.918004579665259,0.0,-8.3023469150523,56.311742174387604,75.72447690375962,,82.74121780941135,0.9957429551873527,0.7161135686017004,25.46835261853171,4.964526909617498,69.59708357944997,6982326.190476191,4408416.6815034365,0.7405611811159586,-4.892767250497812
2020-12-07,393.5,404.42999267578125,371.0,388.9599914550781,8134900,0,0,7693420.06423055,30.86403785870691,60.0,61.52774644739486,1.0494966967435133,186.9290186092521,0.30910041510081016,False,False,False,False,False,False,False,False,False,False,False,False,False,False,False,False,-20.783001708984386,0.9113212869513954,6036.366385432599,165642950.025485,18.75499725341797,339.6110951583277,129.32806614983517,2.8768602044677447,11.691368711306104,91.15752899444338,26.197253693302184,5.855043060099364,0.0,-0.25602533528607463,49.28992811022123,75.8775694542756,,94.24076548820914,1.0,0.86819154956166,30.086806637973666,3.9549230819905574,66.97153545375704,8049664.285714285,2644417.6731053386,0.8246236814543763,-9.626634420961228
2020-12-08,388.79998779296875,429.0,386.25,390.0,11511700,0,0,-1798683.4445413798,33.26708860335897,64.0,75.52695249669694,0.9751807665402447,174.4278621612938,0.19800276402531947,False,False,False,False,False,False,False,False,False,False,False,False,True,False,False,False,-26.291001892089866,0.8040397992022525,6206.533147189808,143689995.2170696,23.659996032714844,349.1668451703667,143.16306441791698,2.651543438683486,11.99373653209446,92.6187206738597,26.51293806585845,6.778548006361377,0.0,6.6662194223517925,47.72727272727273,76.01204302016085,,87.86768546393357,1.0,1.0234377030177064,33.5265728103592,3.524485600242715,58.05629240790262,7480166.666666666,57217.66427568571,0.8038085505800376,-21.8775419367402
2020-12-09,393.3999938964844,406.989990234375,361.0119934082031,371.260009765625,8980200,0,0,-6775697.449255283,34.133511537100176,64.0,89.23018170525046,0.8442644134810138,122.52586364937574,0.13931930953570054,True,False,False,False,False,False,False,False,False,False,False,False,False,False,False,False,-24.920008850097645,0.7094843258647798,5011.203168954402,99121587.28566904,29.01000213623047,351.6391635363113,145.9647730748066,2.0069819599567857,10.180307226329546,81.34406037170348,26.87021453942544,7.5296556870077875,0.0,11.887312962341369,39.57143224271616,68.59199944968859,,78.5474480449435,0.62392250799941,1.1559935492681013,33.83728979462568,3.724097913742919,53.7887965650689,3785530.9523809515,-400729.6981154931,0.5933018789349803,-32.853479507467995
2020-12-10,362.0,390.07000732421875,360.6099853515625,373.2799987792969,4906300,0,0,-7461845.343585399,34.917393397063016,64.0,98.35288696289064,0.8187550176628198,101.09944078805657,0.13160559457255852,False,False,False,False,False,False,False,False,False,False,False,False,False,False,False,False,-23.595996856689453,0.7196477926002358,4336.799424390773,86377170.83025609,29.01000213623047,353.582088730391,140.43288528553532,1.8561288390993216,8.43745062928133,76.06673082499258,27.13889561122768,8.120579010499679,0.0,14.897794945239543,36.159039609624344,68.94391229947117,,70.82440481536048,0.6254356377792989,1.2652259205882515,34.1921068811373,3.8950718405688405,54.67909777163619,2472602.3809523806,-404815.2049053249,0.5155281949696555,-32.79576410971025
2020-12-11,360.3999938964844,369.1000061035156,347.260009765625,353.9599914550781,6362600,0,0,-9920662.31745402,34.95706667960113,64.0,94.65418351117307,0.7058393681218441,67.81883923837047,0.10880427545204056,False,False,False,False,False,False,False,False,False,False,False,False,False,False,False,False,-8.605013275146462,0.6224402085790094,3600.56659407136,56476792.34006606,29.01000213623047,353.5908055921063,122.37847054680392,1.3411436092589581,5.449091692720774,70.28899124512937,27.308136458464787,8.468897375329853,1.0,16.647397265901507,25.473230697199533,61.81045982370665,,63.39453087183489,0.2322284695810681,1.3363138266673669,32.19307149867313,4.612086453757507,53.891316601081705,415478.5714285718,-302617.0271257456,0.38888818612445875,-44.16716376731702
2020-12-14,352.489990234375,357.9800109863281,327.1600036621094,329.1499938964844,6977100,0,0,-15996765.720133467,34.05336079909207,64.0,83.13239144717943,0.5661657349632803,34.850906301016074,0.05153165307318004,False,False,False,False,False,False,False,False,False,False,False,False,False,False,False,False,12.447506713867199,0.4976100321835692,3264.1894289171623,23679845.724904563,29.01000213623047,353.45435453439296,98.25113595077221,0.752268859603241,1.4739527992823014,65.04096726438678,27.475582934914904,8.512243470909688,0.0,17.618214357498804,8.623195112594882,54.07315547930088,,53.73809157733888,0.0,1.358063002547053,27.86565603471044,6.217709935612743,44.46670955071431,-654328.5714285718,-818355.2229325685,0.31872303101213884,-61.82279739095602
2020-12-15,308.9800109863281,329.0,303.5400085449219,328.6099853515625,20379200,0,0,3758067.4934548903,32.25732215137882,64.0,63.30918637443989,0.543751175249011,1.2564915268036954,0.19456028799029648,False,False,False,False,False,False,False,False,False,False,False,False,False,False,False,False,5.159495544433582,0.4581421043160209,2451.0075884805146,18724876.030107934,29.51000213623047,352.9445897594278,76.76757784910473,0.6629635654746587,-1.3658027414697251,53.919955313109966,27.449064402113777,8.340668323303762,0.0,20.570360651943066,-0.054753243310548726,53.914959448623286,,42.61112334710368,0.0,1.343391738454318,24.487736177087914,7.507229098324267,41.64962508420193,3171261.904761906,-522477.9316136023,0.16793210304813688,-66.17666880041585
2020-12-16,328.42999267578125,338.8900146484375,320.0899963378906,329.9700012207031,6427700,0,0,4086287.231003974,30.89580713713465,64.0,50.459341789694406,0.5307976671672567,11.0928073207554,0.18857234718405755,False,False,False,False,False,False,False,False,False,False,False,False,False,False,False,False,-19.137486267089855,0.4444787304386158,1286.0562242203184,17298718.59753183,36.780006408691406,352.0135114077825,59.82398982150738,0.6110455712204264,-3.220689254845631,55.332007871231376,27.333198270675616,8.031103735305049,0.0,21.86446300084328,1.2674947609960547,54.277761206954324,,33.922164040394485,0.016418535828789178,1.303917548825794,21.913112679840253,8.56046547776979,40.349713193393185,2941847.6190476194,-6832.151666903326,0.15215899222082563,-70.23404168744459
2020-12-17,333.82000732421875,337.1000061035156,323.4930114746094,325.5400085449219,3717100,0,0,1487566.861123694,29.63154319533649,64.0,39.68280585793889,0.48425398350367105,2.9330332763676457,0.15435825553084515,True,False,False,False,False,False,False,False,False,False,False,False,False,False,False,False,-35.337498474121105,0.41132295046897227,-238.72440935697523,12475083.687149215,36.64500427246094,351.5257710032582,29.525521431808443,0.4690359617137115,-4.723206942391101,52.52616072765606,27.234953473622365,7.61225693777784,0.0,21.477674963994033,6.510925580007693,52.81913370134631,,30.07113634918169,0.0,1.2444985363973815,19.382026412433763,9.632991899414103,41.618444376909466,1824945.2380952379,-23301.42808480887,0.0357299461564653,-73.37588046459442
2020-12-18,332.7699890136719,346.8800048828125,324.8800048828125,334.25,8116000,0,0,284919.6221322168,28.775123151000653,64.0,32.757658116957714,0.5184775863663694,9.76133220077285,0.13337109116464027,False,False,False,False,False,False,False,False,False,False,False,False,False,False,False,False,8.350013732910156,0.4423189911488243,-424.47491894459915,20791541.82461562,36.64500427246094,347.93481091938355,-8.764417047435131,0.5578616227220695,-5.076773982589863,54.26397696897457,27.16962297745841,7.171121908339179,0.0,20.864540671490793,14.199322563780997,55.35924866245971,,29.73049876255908,0.10952118710923484,1.1783132922602764,17.946926895470007,10.360163380505186,44.48001849570072,-2588902.3809523815,167244.07598199573,0.03946412405766342,-67.19858156028369
2020-12-21,329.0,350.0,329.0,349.8500061035156,5879500,0,0,6080430.182667466,28.08159232535592,60.0,29.62637741986447,0.6050479813240083,19.78358603524838,0.1770367580061543,False,False,False,False,False,False,False,False,False,False,False,False,False,False,False,False,51.967510986328136,0.5341377472637909,491.35393930924823,30924212.404759116,25.639999389648438,348.1169445733344,-34.76903867547634,0.7602415064780433,-4.240390814050652,57.391204304040635,27.15066047728962,6.796707247849104,0.0,19.640531779811045,2.9303571819784593,59.55880283384006,,34.43026351026889,0.29059179423542186,1.118770999196946,17.91349881100527,10.552829476897559,50.20004776872544,-3001650.0,491553.8724203617,0.11423038193178414,-56.13474744431516
2020-12-22,349.8900146484375,359.54998779296875,338.010009765625,341.1600036621094,4685200,0,0,2765552.045120039,27.74932762773479,56.0,33.49646476296817,0.5170320610814872,20.11596741588925,0.14043139793800197,False,False,False,False,False,False,False,False,False,False,False,False,False,False,False,False,49.87698974609373,0.45613280275718204,1423.9580647873424,20690124.998582594,17.180007934570312,347.2807221066002,-53.88126254582045,0.5440406345442307,-4.242481386633369,60.31375062336583,27.11841890392776,6.426635962075679,0.0,17.78456130885956,-12.0041287282884,56.37713728578163,,37.97460548944545,0.15340911032446447,1.0581022228917158,16.97962760684208,10.674888973999394,49.331954423857624,-2758228.571428571,158029.3616567039,0.23011764104840082,-62.74285452706473
2020-12-23,341.1600036621094,343.3999938964844,328.260009765625,331.6499938964844,2745800,0,0,1249372.6769595416,26.947353451855328,52.00000000000001,32.785199378518485,0.4103454283849237,-20.080271197606333,0.11892332475655748,False,False,False,False,False,False,False,False,False,False,False,False,False,False,False,False,48.43949890136719,0.358272918457923,266.7021286152171,14004023.59672035,-0.04499053955078125,345.72377321074913,-63.139788189400406,0.3338383267335714,-4.812662943445421,55.56705884659192,27.10462730509674,6.019066820999016,0.0,15.098089726146139,-14.734162591941699,53.03794808329577,,34.50931182124578,0.00943453789869952,0.9910686161810731,15.232874535342052,11.399226930137557,51.01554548763477,-3951380.9523809524,-192917.31001623464,0.0972166242216036,-77.59446256488269
2020-12-24,334.1000061035156,338.0,321.29998779296875,323.0400085449219,2191200,0,0,-485212.86977983103,25.85932779722922,48.0,30.76310240801638,0.3162709909248013,-47.144813819437765,0.09562695790851224,False,False,False,False,False,False,False,False,False,False,False,False,False,False,False,False,28.698507690429665,0.24851069890015515,-1229.5287135773535,9308277.382568337,-8.322502136230469,342.7457638535213,-76.72149207261165,0.15170877431948088,-5.640616576198617,45.77361179746056,27.07157116550451,5.554839273643331,0.0,11.767652113895881,-17.16922857822516,50.14228353395675,,25.068495484500534,0.0,0.915419703350538,12.925711443835707,12.288134969607789,40.167922477086734,-4007921.428571428,-133426.45518050768,-0.1942924964373519,-84.45719645455091
2020-12-28,324.8699951171875,327.7900085449219,302.6700134277344,302.80999755859375,4756600,0,0,-5188799.4425287945,24.02348224004107,44.0,25.143985838048593,0.15433514847305377,-92.62824576164503,0.0502339896268376,False,False,False,False,False,False,False,False,False,False,False,False,False,False,False,False,32.01749725341796,0.10503544367796985,-2443.173739140795,-5768057.994594047,-10.014999389648438,337.42435474603957,-92.12857706387695,-0.19034013022328505,-7.315440838074842,38.71415729582976,27.038774077688952,4.9694529240730985,0.0,8.830902688339942,-18.437216615450577,44.05608855745039,0.0,12.686383098891229,0.0,0.8228946483992474,9.010418140316832,13.663781012959022,33.45699726135991,-3742814.2857142854,-354762.5079961462,-0.4088902048851196,-99.88919168389265
2020-12-29,305.25,314.4100036621094,298.1300048828125,304.04998779296875,4827400,0,0,-6505372.950719615,22.5122768785144,40.0,16.915780864042404,0.18645957521234313,-102.15697426210923,0.04279946969917846,False,False,False,False,False,False,False,False,False,False,False,False,False,False,False,False,13.786990356445301,0.11382970065935284,-3187.1374279729457,-4088917.0157346297,-15.210006713867188,335.2366834745213,-100.96888189776837,-0.16600856013237356,-8.046431458852345,27.620999849804008,27.01948375487681,4.332333444140803,0.0,6.287829132873885,-18.54640248947831,44.50075632217467,0.0,7.030591456688214,0.017866880179382625,0.7228715822720888,5.97687738874869,14.535065500081224,35.568886089970874,-2571497.619047619,-278108.6969029898,-0.617877018269433,-94.56183749149174
2020-12-30,304.0,307.3500061035156,297.75,300.9200134277344,2631200,0,0,-7398878.361546355,21.12594289124485,36.0,5.828899248908556,0.1648287859207351,-109.166261806128,0.049717330642355624,False,False,False,False,False,False,False,False,False,False,False,False,False,False,False,False,-10.787007141113293,0.09163130090591755,-2420.1321104155613,-4681298.663458924,-15.400009155273438,332.7521231487362,-106.56075339290226,-0.23227598065603444,-8.408067189031959,30.193664681195372,26.889496475207974,3.6699638586759264,0.0,3.443455701708026,-14.98473819295342,43.55957425217171,0.0,2.9942313119317103,0.0,0.6191522006188144,3.1995270401840346,15.377254173649849,34.968305947607824,-1971330.952380952,-7318.361234280281,-0.5584630029920509,-96.56627688882043
2020-12-31,299.70001220703125,301.5610046386719,280.7300109863281,281.3999938964844,5313800,0,0,-12370865.076265294,20.567390690925635,-64.0,-4.547720381792885,0.018588233868061535,-145.84684386271593,0.027643078883942285,False,False,False,False,False,False,False,False,False,False,False,False,False,False,False,False,-10.762515258789051,0.0045186683739112665,-2368.006017329874,-18830467.39512997,-28.104995727539062,326.172501392104,-109.5959677126761,-0.5796355539408311,-9.546051593287535,30.52886221647644,26.76162600970451,2.9191549902069642,0.0,1.3482608310702557,-14.507063917800672,38.14168330385991,0.0,3.2100140580489995,0.0,0.5042702699346682,-0.9371919073017287,16.28384053223846,24.635981707252192,-1814704.7619047612,-371780.81857194623,-0.5948711944526112,-99.24184344554078
2021-01-04,285.4100036621094,290.79998779296875,274.44000244140625,278.239990234375,3948500,0,0,-14485102.822588632,20.297799429340554,-68.0,-15.260734602984257,0.059149711898346585,-148.05530064776332,-0.055559752666107055,False,False,False,False,False,False,False,False,False,False,False,False,False,False,False,False,-6.31999816894529,0.024585842734166537,-2199.587807483047,-17922868.4043741,-34.725006103515625,320.1669908371378,-112.18653446253869,-0.6796046134248344,-10.045165907842424,31.859315096023465,26.422888784604694,2.126400952994115,0.0,-0.5978923301880619,-15.3281997999237,37.33217383372776,0.0,2.8855587789984853,0.0,0.38426128376448604,-4.5725026697367745,16.99971153354074,25.303926531202627,-1935235.7142857146,-389034.51614746236,-0.5527272366032403,-95.53520332864329
2021-01-05,280.6199951171875,293.489990234375,279.29998779296875,283.8299865722656,5202600,0,0,-16365959.680332439,19.895740215961585,-68.0,-22.48163568833297,0.1374250591850443,-124.24965037207755,-0.18366839416696323,False,False,False,False,False,False,False,False,False,True,False,False,True,False,False,False,-5.556489562988304,0.06075300387669603,-1633.513314733687,-11207813.639819264,-34.725006103515625,314.83228284989343,-112.92679631949888,-0.5858349223698881,-9.536384906590314,38.71151845773473,26.044415875203565,1.3702900131247044,0.0,-1.956292627985151,-13.983093759355528,39.76752400023159,0.0,5.4185725286800865,0.10956902940574235,0.2688655515526386,-6.971248605969638,17.23479741584406,27.130595464103916,-951352.3809523815,60183.1355071825,-0.43573894338556063,-88.96723563977562
2021-01-06,279.989990234375,283.6390075683594,266.4100036621094,268.0199890136719,5736800,0,0,-21030595.089146383,20.045362059599135,-76.0,-29.84277981028839,0.06149219641102598,-142.52882213565582,-0.22924834415468054,False,False,False,False,False,False,False,False,False,False,False,False,False,False,False,False,9.200502014160179,0.009902118136571374,-1642.7375880659365,-22563667.976150885,-42.80000305175781,299.0559310241299,-118.64665832397156,-0.8511150846118438,-9.766508054345262,47.962359464989966,25.64035259908234,0.5885882989882741,0.0,-2.703063993264987,-17.669109179037424,35.558640574962425,0.0,5.7420420766894,0.0,0.1511672801201649,-10.34926371192585,17.84426443873803,24.403145584421814,235533.33333333302,-215030.1166702157,-0.3304293008318354,-98.27143480151284
2021-01-07,272.5899963378906,304.8999938964844,267.70001220703125,304.20001220703125,16546600,0,0,-5106700.611928342,19.031908126238783,-76.0,-34.229691763485164,0.3579637497648058,-82.58516076076663,-0.025381582392170716,False,False,False,False,False,False,False,False,False,False,False,False,False,False,False,False,29.09050750732422,0.26881499611963466,-1737.8584625519743,66182051.98776213,-45.5,299.3659266575104,-112.90884932169098,0.0803173518885156,-7.107557058441089,53.98086601753181,25.463181433370004,0.0200239709834224,0.0,-0.14343631042510863,-8.990273086901645,48.8897933050732,0.0,17.778225372037493,0.5554609417350749,0.05898702919128879,-9.179558029269028,17.71034338451696,41.578513356288305,3712121.428571428,1914072.5873858964,-0.32225583868832486,-59.426653442599
2021-01-08,315.0,325.7200012207031,298.0,300.1000061035156,9106800,0,0,-12833678.480520008,18.179618327467832,-76.0,-31.714955139160168,0.3418360399757854,-32.853647999151725,-0.046436255586201854,False,False,False,False,False,False,False,False,False,False,False,False,False,False,False,False,23.95850524902346,0.27244057450832176,-1203.2211324734365,51393482.334725246,-50.60499572753906,299.4034548876114,-105.57463586904598,0.050011533296133684,-5.331554772858533,61.75778293317617,25.40112766855827,-0.4068442982312273,2.0,2.249943458509897,-14.220379914836897,47.68588556011139,0.0,26.157758496501685,0.5052984581661779,-0.015008790774173364,-8.629540295728292,17.566659556740873,37.175072008008534,4628542.857142857,2110884.434377295,-0.1306808060568585,-63.82863626638305
2021-01-11,295.0,312.1700134277344,287.989990234375,293.19000244140625,4524700,0,0,-15412268.251840327,16.932282057923576,-76.0,-29.37501256606157,0.2934221882641515,-55.79482505898828,-0.061121178847622824,False,False,False,False,False,False,False,False,False,False,False,False,True,False,False,False,18.45299530029297,0.2607848684644568,-1760.9892518209274,39585028.634057894,-51.63999938964844,299.1037074228886,-95.44894096802207,-0.02948709090388859,-4.369244395594087,53.85564934262646,25.108881471464894,-0.7582755467707312,0.0,3.3604369444782627,-14.060851420383214,45.645773443431764,0.0,35.1657098658338,0.4202943613324164,-0.0780280336534296,-8.797388395175942,17.68408622292539,35.35098270161289,4481030.9523809515,-226925.64903858234,-0.2518103988243784,-71.24758069351651
2021-01-12,298.0,299.6600036621094,286.20599365234375,293.3500061035156,3256700,0,0,-15210385.222268648,15.752985439372504,-76.0,-28.783601648667286,0.31450478589833464,-64.70031174231445,-0.04166103862562268,False,False,False,False,False,False,False,False,False,False,False,False,False,False,False,False,12.873509216308605,0.2892420767815057,-2064.240690902658,34004465.104391284,-51.63999938964844,299.01527152980464,-81.10794490555452,0.04175118250988187,-3.5062365003600515,47.4753223806329,24.601951187137768,-1.0416681616406402,0.0,3.2584827210345852,-11.54831554283793,45.70369907195554,0.0,31.282663572750312,0.4873098494052556,-0.13084897226962236,-8.914794623254563,17.86573568522346,37.76438615349059,238407.14285714272,-102406.95745355537,-0.33647290848517697,-71.07579232184943
2021-01-13,295.0,306.8599853515625,294.1499938964844,296.54998779296875,2867900,0,0,-16995209.35710313,14.933683156040667,-76.0,-24.683975129968985,0.36628943172701367,-39.066503080255075,-0.008126591831355036,False,False,False,False,False,False,False,False,False,True,False,False,True,False,False,False,-5.72650146484375,0.32359876815647126,-2129.2885922242917,30457716.873361476,-51.63999938964844,298.98505407179334,-69.22401613555019,0.1526573880243255,-2.5487140589899395,45.64047981000052,24.174658727366833,-1.248284953454212,0.0,2.232379698748068,-8.200229089663805,46.92199907726781,0.0,32.274850876463915,0.6501034721706139,-0.17242836808722967,-8.669969562915623,17.775916915887706,38.24888220481753,-1711419.047619048,33061.51554401587,-0.3592358937150345,-60.85207435524225
2021-01-14,305.0,313.4800109863281,300.010009765625,303.760009765625,4585800,0,0,-19027668.83125835,14.476012684069234,-68.0,-21.515709192612576,0.4597459300876999,-13.187572115915065,-0.21281575826847482,False,False,False,False,False,False,False,False,False,False,False,False,True,False,False,False,-3.2440124511718977,0.4010093672663696,-1488.3343766703372,30830002.85748227,-51.63999938964844,299.01662141442205,-59.30568905321434,0.3521961410478692,-1.3204262021791537,50.92377723615963,23.75745529788077,-1.354702490071094,0.0,1.1165027946391095,0.3137321140948864,49.6626165266068,0.0,40.081411863847414,0.9671092463866086,-0.19994829770928843,-7.691534351636586,17.393631927754132,38.364881440166315,-1822480.952380952,142778.81280826515,-0.21500243752612647,-47.82789773136601
2021-01-15,306.82000732421875,308.6700134277344,290.6499938964844,291.29998779296875,3209900,0,0,-22006002.44425117,13.560829031758372,-68.0,-24.135856089872448,0.3370000206325773,-41.80265813390577,-0.25124953827926155,False,False,False,False,False,False,False,False,False,False,False,False,False,False,False,False,-4.44048614501952,0.2672319988361772,-1436.0066708362813,20712084.659266334,-40.63499450683594,298.89135073677807,-50.742692634033475,0.06436064874463183,-1.2391034410425306,50.39315542541484,23.383988138576846,-1.4560416785623111,0.0,-0.4200299820044102,-4.193389413546574,45.30867926291461,0.0,43.95688893455388,0.6912971719024686,-0.22423756045553211,-8.050670610578713,16.815678594383385,36.93948333079137,-1910845.2380952383,-20173.252371100767,-0.2206160201149424,-59.44936110973003
2021-01-19,293.75,295.0,284.0400085449219,286.2099914550781,3143600,0,0,-23904791.569292586,12.806589228381693,-64.0,-25.287414461023673,0.2995163633987892,-69.43964530135221,-0.24586749012279913,False,False,False,False,False,False,False,False,False,False,False,False,False,False,False,False,-21.994004821777366,0.21258311323255388,-1144.5741427460653,15467370.781115007,-32.17500305175781,298.72613835427575,-42.2812222622605,-0.02101690368917272,-1.4077772693122936,51.7045391966376,23.077232218429813,-1.573141071778899,0.0,-2.199991784142014,-4.888349500286343,43.6260747324623,0.0,42.03554565804033,0.5719971577631128,-0.24811271000996907,-8.82106891352253,15.79761173173589,26.661604242664392,-1703730.952380952,-186597.1682434813,-0.19952278353378194,-66.61610418478288
2021-01-20,289.0,289.1000061035156,280.8800048828125,281.8800048828125,2259900,0,0,-25614837.63634957,12.266123253641194,-40.0,-25.638513183593773,0.2716226166677757,-81.61486402470904,-0.2658553103143772,False,False,False,False,False,False,False,False,False,False,False,False,False,False,False,False,-22.535508728027366,0.1660940933699125,-1046.4329490342875,11859841.147432422,-21.044998168945312,298.6267300908296,-37.31097443937258,-0.08988648087315443,-1.6725912989033436,53.73778050185182,22.828927007633343,-1.714283398912757,0.0,-4.37446391048373,0.17057960083137086,42.19068130682849,0.0,33.33927633975532,0.47022490357357977,-0.27298757218714254,-9.863693130691882,15.12748243074571,28.358284725106575,-2295638.0952380947,-89118.68847050978,-0.17047524690750604,-73.91670568622104
2021-01-21,288.0,289.5799865722656,282.6000061035156,286.32000732421875,1894000,0,0,-25490011.840616796,11.735990581847412,-40.0,-27.696511751062758,0.3392755051782988,-68.0139260124539,-0.33788668082928514,False,False,False,False,False,False,False,False,False,False,False,False,False,False,False,False,-13.769012451171875,0.2137643016358722,-920.5305439038559,11366915.929802567,-9.67999267578125,298.15600712786966,-32.15093366839724,0.09664353715412727,-1.4202897706620679,56.97515859787354,22.56125716846047,-1.8356884420541066,0.0,-6.87831731609244,2.903974041631313,44.21745149780926,0.0,31.012192967561436,0.6139269488641824,-0.294254810195182,-10.204154012593035,14.299208249566645,30.94815563566537,-2681614.2857142854,-4356.224408642218,-0.1328732692938972,-66.4306112263117
2021-01-22,284.2900085449219,287.4800109863281,279.0,285.67999267578125,2053600,0,0,-24308230.9004031,11.444111327813316,-40.00000000000001,-31.981924797506906,0.3430984824760756,-74.8882829464349,-0.2981582511835805,False,False,False,False,False,False,False,False,False,False,False,True,False,False,False,False,-26.80500946044924,0.2502921347958307,-685.2521941871491,9555308.785254879,-16.739990234375,297.0757125992357,-33.58332564846007,0.1550053062515831,-1.178053987128716,59.672970436766,22.325276251915334,-1.9379330669410113,0.0,-9.459590083199693,0.651800793093649,43.9781008997184,0.0,30.714323692501882,0.5969565145050006,-0.31208904958574213,-10.550438340827604,13.30783573006961,32.874625187629874,-2812076.1904761903,25242.69892218916,-0.0671654058393113,-67.50971200996156
2021-01-25,292.45001220703125,296.80999755859375,276.0,287.25,3750900,0,0,-24003616.24873761,10.664880596457234,-40.0,-33.76248456169577,0.38783535420804094,-53.58870378827853,-0.2750615566717368,False,False,False,False,False,False,False,False,False,False,False,False,False,False,False,False,11.595013427734386,0.2911020729702229,-307.512907793261,9031541.883420197,-18.239990234375,296.54370778567056,-30.39327723112399,0.2776920987024133,-0.8111021548078226,65.16611906165404,22.279868715216743,-2.0100431250895223,1.0,-11.292008438226791,7.174842091851287,44.76792183472239,0.0,33.73236187506537,0.6529563926749505,-0.3253238352800276,-10.645207892043759,12.222506207677073,37.4066426428253,-2300961.9047619053,16023.328391714065,0.03156089621575631,-64.86259113853056
2021-01-26,286.6400146484375,289.239990234375,280.9800109863281,280.9800109863281,1951500,0,0,-25955116.24873761,9.941309203055157,-40.0,-32.29772078570193,0.26011767818076076,-68.71513535460437,-0.2781504549470756,False,False,False,True,False,False,False,False,False,False,False,False,False,False,False,False,9.598007202148438,0.2373738378163377,-420.2091972809129,5993338.248620074,-18.239990234375,295.74478256145494,-25.97952462541518,0.14826804405084876,-0.8836985254109964,60.54890975172521,22.26227857832297,-2.089460926879883,0.0,-13.289389630197558,-7.633136189652796,42.208618644344995,0.0,30.73118357028063,0.47149669654727777,-0.3382812475645132,-11.378830252734101,11.31878094221741,34.44510160897397,-2049573.8095238092,-21982.86971080872,-0.011036386013107746,-75.43414614066592
2021-01-27,277.0,285.75,264.0,266.20001220703125,4387700,0,0,-29455184.656940736,10.18603844660367,-96.0,-31.00189846263214,-0.019190176733444052,-146.80335536635877,-0.2660790769991188,False,False,False,False,False,False,False,False,False,False,False,False,False,False,False,False,4.51850280761721,0.03564504477510098,-538.6875796585762,-4127167.307457207,-23.034988403320312,292.3887252676703,-25.290652830070826,-0.2479070757448212,-1.7690643870507898,61.75325502045571,22.364591091838204,-2.2468843140936303,0.0,-14.248957390258987,-11.29623232489739,36.85934603602115,0.0,21.089255732771182,0.0,-0.3592947024890482,-13.545328106244394,10.009132902114294,33.930006338215584,-1175176.1904761908,-273396.6857555412,-0.0012606188611895552,-96.4354955224899
2021-01-28,277.0199890136719,283.0,268.4230041503906,273.1300048828125,2435200,0,0,-30317702.83664634,10.413287029898715,-92.0,-29.19778855267697,0.17364893408027957,-115.74384732710179,-0.26813361775979694,False,False,False,False,False,False,False,False,False,False,False,False,False,False,False,False,6.224505615234364,0.1479261941386671,-683.9893841569161,-1126726.5258115344,-25.439987182617188,290.81527167044214,-20.911679438451998,0.008602112573780536,-1.7279330864983073,50.75110479636065,22.47171718631109,-2.402611780193292,0.0,-15.30739869195667,-6.841978713992038,40.656924062273575,0.0,14.30765925023694,0.2966099973475383,-0.37988558566766095,-14.370557588396155,9.761351606591964,32.77131440308227,-605785.7142857141,-167404.41764075047,-0.09768259884069419,-85.2073805861333
2021-01-29,271.0,277.77801513671875,267.5,272.45001220703125,2177000,0,0,-30397765.552285165,10.677783532230567,-88.0,-28.04263565961054,0.1899428986506235,-124.62315600264562,-0.26030533245133247,False,False,False,False,False,False,False,False,False,False,False,False,False,False,False,False,10.847987365722645,0.13690881464527271,-1343.3276652372656,-1177243.3157207125,-31.3699951171875,287.96175362041646,-23.6721721983851,0.033929437469863426,-1.5899606624520022,37.044887199695324,22.528970068976356,-2.54814233727972,0.0,-16.49050015295121,-7.124592964593056,40.400158460881755,0.0,11.811583961385217,0.2765553088536397,-0.3991291624938169,-15.12382338959517,9.403649366767524,35.949715197336815,-35633.33333333349,57975.707887051176,-0.39348478124391983,-82.9223720072211
2021-02-01,275.1000061035156,283.20001220703125,273.3800048828125,282.0,2226900,0,0,-28715123.228600185,10.500835630191904,-84.0,-26.81122230080996,0.41258997274618986,-61.2702087697556,-0.19168417824018885,False,False,False,False,False,False,False,False,False,False,False,False,False,True,False,False,18.028009033203148,0.2916396572260946,-715.6725300368269,2029058.2745482614,-23.294998168945312,287.79411986947656,-19.417824994397805,0.33441486008380017,-0.7420455443995033,44.76009361938732,22.58583342306857,-2.620458098218655,0.0,-17.66969006043647,-4.906419960174327,45.59666099032837,0.0,22.749524670012054,0.6824283655283108,-0.4098585102160416,-14.35705849889953,8.564972471658379,39.70152537105231,-591771.4285714286,72637.94598414567,-0.23439930325073055,-63.62167339660939
2021-02-02,289.7099914550781,310.6600036621094,286.5,300.7099914550781,7223900,0,0,-27441379.047086306,10.868552687705668,-52.0,-22.364280700683594,0.8147720557523913,85.1025617293887,-0.14632915706102945,False,False,False,False,False,False,False,False,False,False,False,False,False,False,False,False,4.444486999511696,0.5947827402628804,-20.06893003524689,21047636.702804063,-13.669998168945312,288.2757470254342,-7.5462167210554725,0.8905211077033173,1.0926600949519525,57.47148750677264,22.79318791264685,-2.532113392990962,0.0,-16.482695037073523,-1.0040881658188667,54.04965022072721,50.0,42.54917113873261,1.0,-0.40158446261617864,-11.02666531343061,7.707324455518819,42.07317699256525,721090.4761904762,557345.4851082229,0.0233385256067693,-25.80844117997164
2021-02-03,309.0400085449219,318.8800048828125,300.5400085449219,304.6400146484375,4629200,0,0,-30000813.284354698,11.609722993289912,20.0,-14.430808751723362,0.8598035349956441,129.04771112429012,-0.15499682391242167,False,False,False,False,False,False,False,False,False,False,False,False,False,False,False,False,-1.6860107421874773,0.6584577745407654,55.1974633427817,20639811.940503374,-4.4550018310546875,289.4471719477602,5.108239324143895,0.9714705967452139,2.5039751752814023,59.283949669530465,22.968121854329063,-2.320584091545923,2.0,-15.00466572095777,4.579480746476964,55.60984086683378,75.0,61.54079455355028,1.0,-0.3774366803399622,-7.8064258954476315,7.169531379416713,38.99935802099451,1412683.333333333,539787.3114369088,0.05734207045011641,-25.947501762768113
2021-02-04,309.79998779296875,310.8800048828125,299.0299987792969,303.6099853515625,2188900,0,0,-30497708.652381048,12.185761832880885,20.0,-8.249314611098328,0.8118588770031329,94.59901401828694,-0.11214208793855848,False,False,False,False,False,False,False,False,False,False,False,False,False,False,False,False,-7.795497131347645,0.6417690305922398,-259.5958946636418,17369177.21644151,-3.4199981689453125,290.1767241793248,14.873763677169777,0.8977785768299764,3.2536877587892192,51.61016108701857,23.104818896179765,-2.0438808502879517,0.0,-14.402625067284935,6.079450199492905,55.08195824235289,87.5,73.47322664017649,0.9718470030127727,-0.343440222981688,-5.319303690967474,6.990423201548942,40.4844305117009,1571223.8095238097,53098.72857583241,-0.050677491541800346,-27.82437713673075
2021-02-05,306.07000732421875,307.07000732421875,299.6400146484375,306.04998779296875,1754000,0,0,-29225301.121144652,12.720655041072503,28.0,-1.3374376184800099,0.8603060037648014,83.50721127552957,-0.34639176581317477,False,False,False,False,False,False,False,False,False,False,False,True,False,False,False,False,-3.44799346923827,0.6813024459057149,-23.904255220041673,15499261.082982231,-3.4199981689453125,291.17414258602173,18.61535497093635,1.0015582371299225,3.7634530485453928,53.388284492619896,23.213912336759453,-1.7232673613814127,0.0,-14.594761966664867,8.574564527982242,56.1439964356743,93.75,74.28327071892022,1.0,-0.301912160229457,-2.936403512637734,6.897935572242876,47.899701511241396,-148083.3333333335,6695.288253583202,0.004151807851869305,-23.37830894374045
2021-02-08,308.7099914550781,317.8949890136719,302.0299987792969,304.5,2386300,0,0,-30868560.775592737,13.775221216460888,28.0,5.595118713378895,0.8144747253283031,108.65800075014488,-0.28668844933001314,False,False,False,False,False,False,False,False,False,False,False,False,False,False,False,False,-4.308007812500023,0.7379736952735572,542.3922380048556,12756690.089647438,-3.4199981689453125,291.8321194553439,20.520566866094086,0.9670294613022428,3.832891758114334,60.279366384961534,23.314061324521933,-1.3968479708170087,0.0,-14.997589637985921,6.349536256889957,55.25032706299388,96.875,74.19822781562817,0.9536590317086332,-0.2574344811758347,-1.1650017709211453,6.715779594034829,45.613369199644445,-841623.8095238092,2010.8588044779244,0.1756467200316193,-26.202630472644287
2021-02-09,304.5,323.2300109863281,302.2749938964844,314.2900085449219,4355400,0,0,-30229434.207044385,15.008650069862753,36.0,9.109839495490576,0.9580314842249603,127.33579830220108,-0.23617417040633973,False,False,False,False,False,False,False,False,True,False,False,False,False,False,False,False,-3.793000793457054,0.8490629616214348,755.9678857953467,17025649.10777677,0.5050048828125,294.63966068969347,29.268913607807598,1.298683113395235,4.337658344221705,67.5805108596951,23.49330730117958,-1.0283644057263577,0.0,-14.55373193395328,10.014707575833,59.622092353983035,98.4375,78.44178558191958,1.0,-0.2059134901651153,1.6733821093580525,6.423105928463421,47.425470540622555,-269135.7142857141,127945.482973274,0.23529790776506943,-15.093703837856525
2021-02-10,324.79998779296875,327.4100036621094,300.0,305.9100036621094,3425300,0,0,-32177643.157121822,16.349819106243302,36.0,10.667514935661757,0.7719110451324457,100.59371725625323,-0.269720140951997,False,False,True,False,False,False,False,False,False,False,False,False,False,False,False,False,-10.690989685058582,0.66093678034516,781.4557453130075,10492837.703080423,1.75,296.86267392399947,40.727417149076814,0.9406132350223311,3.919365101831849,60.81634428052014,23.79757827311123,-0.6959802636859717,0.0,-14.001185708099271,6.496084825799608,54.69635509367686,99.21875,74.93244790800506,0.7836053175877411,-0.15690922402152804,2.7967048401964187,6.268685502340806,41.067405991707574,178585.7142857141,48701.12187886721,0.2136288110775868,-33.906321965484
2021-02-11,305.25,312.29998779296875,296.3800048828125,298.7300109863281,2321800,0,0,-33813984.61084892,17.253493836426696,35.99999999999999,11.851572732364446,0.6322224349959694,50.683701783008026,-0.2697010823104545,False,False,False,False,False,False,False,False,False,False,False,False,False,False,False,False,-25.579989624023426,0.5477055508684827,406.8497103906089,6612359.88912195,4.69000244140625,297.04012874696343,44.0655040222658,0.685615138873151,3.01209241427561,60.27503764254921,24.024596065333082,-0.44050809812978176,0.0,-13.900378700257995,6.317175352685027,50.8221593775694,99.609375,68.5901764278359,0.6134063590793661,-0.11611232337381223,2.658841911040346,6.196748215737162,34.896249396364766,137928.57142857136,-145824.56722447582,0.15143914054655072,-45.229444913151724
2021-02-12,299.0,303.3450012207031,292.3399963378906,299.4700012207031,1510900,0,0,-33367098.223263368,17.71294541081194,36.0,11.866349792480491,0.6522737792269243,31.13134078580407,-0.24186913569676813,False,False,False,False,False,False,False,False,False,True,False,True,False,False,False,False,-18.435496520996082,0.5593754797698933,-56.61799246533479,5827458.654264127,11.25,297.2913603102248,48.073038625120844,0.7252590579917174,2.3444672559800748,54.78856646266851,23.983301038899402,-0.24167995072249948,0.0,-14.498166688073402,12.498117012780927,51.20575920734622,99.8046875,58.93392703278452,0.630258448208617,-0.08188388617790891,2.650792659820437,6.145750133868916,37.80923802691031,-650238.0952380951,-50752.12689636633,0.07224579012144139,-44.062452023010664
2021-02-16,304.70001220703125,304.9880065917969,290.1600036621094,294.54998779296875,1986300,0,0,-34177268.771377735,17.93298442041917,36.0,10.332063472972209,0.5542963543337632,20.89762005241246,-0.20962425407065466,True,False,False,False,False,False,False,False,False,False,False,False,False,False,False,False,-19.277989196777355,0.4817849870465137,-31.782940884495627,3598875.6077251397,13.080001831054688,297.1889070704959,47.37847751243282,0.5573959924347555,1.4954948142485567,54.63689282136155,23.88969236499887,-0.11452038279626671,0.0,-15.278318235423155,7.842412963506728,48.49712754962065,99.14828541905118,52.9622005894963,0.5112643857220439,-0.05662959980045483,1.8956554485165114,6.035416199074387,37.35378446054144,-1132390.476190476,-28890.379148044758,0.07905432247557764,-51.82150129534863
2021-02-17,289.0,292.82000732421875,283.2650146484375,288.7799987792969,1710300,0,0,-33913254.885629505,17.500771054422568,36.0,6.189697534897732,0.4406120640411124,-26.206060147987714,-0.17673741927876038,False,False,False,False,False,False,False,False,False,False,False,False,False,False,False,False,-9.85650177001952,0.39079005437913505,-49.74461009431239,1674977.3480382618,9.63250732421875,296.77595824701547,41.893547122863694,0.3565007194087282,0.5197099554103242,57.80599470244744,23.740428534064726,-0.06968322271708008,0.0,-16.287263819493216,5.993755125933589,45.46005950768454,94.02474002857484,46.54532968646783,0.26323579484469956,-0.0421875647686615,0.38682986075540776,5.475946566277218,37.402027988947445,-1144980.9523809527,-66136.41348841139,0.08914719064445131,-64.48005762223713
2021-02-18,285.0,296.95001220703125,281.30499267578125,289.7799987792969,2258000,0,0,-33724909.10210215,17.38535646832348,36.0,1.7783888872932039,0.45157574576517345,-22.23679966986983,-0.14321890871601375,False,False,False,False,False,False,False,False,True,False,False,False,False,False,False,False,8.458489990234398,0.4065604366886625,-31.813722261089342,1758266.2983185102,8.652496337890625,296.2523359527612,37.82089612895889,0.3849768709474867,-0.053545856188358554,57.75008972026656,23.70342268705321,-0.07341341527910825,1.0,-17.068468198349183,2.758864815353502,46.09016921636096,81.11139364454813,40.29585126014867,0.29601656041077856,-0.034884878571113324,-0.7056562364766912,5.202620190825104,40.00262844768365,-883290.476190476,-25684.25189709669,0.09187145814377151,-62.81088730196813
2021-02-19,292.489990234375,298.0,287.5899963378906,290.0,2305400,0,0,-34962870.007368706,17.35199546360764,36.0,-0.24369883817780646,0.4520538973092005,-9.456182938298436,-0.16607831844722262,False,False,False,False,False,False,False,False,False,False,False,False,False,False,False,False,12.204513549804688,0.4100299400477135,190.0886895029326,1579541.2291600066,8.652496337890625,295.83069219624315,31.300972036564385,0.38412336429414945,-0.3941089003944465,62.915711897437994,23.691070844435323,-0.10613624938790331,0.0,-17.61080371958117,-3.5615682083772886,46.23733000758195,48.41666639132503,34.489911746644424,0.05488410515165313,-0.03247350169595082,-1.584063341349702,4.872867398894762,36.94731627444567,-786095.2380952381,9569.362712986287,0.15299091049725322,-69.23931983586141
2021-02-22,287.4599914550781,287.7699890136719,268.0,269.6499938964844,3820100,0,0,-38145322.54286066,16.55740633257073,36.0,-3.845184595444607,0.0951630132305518,-102.63843481825586,-0.2353046788956305,False,False,False,True,False,False,False,False,False,False,False,False,False,False,False,False,11.975984191894554,0.0891025637940552,-539.0712929613817,-9751687.277297141,2.0,290.9801805992621,20.074672070201267,-0.25654676033730234,-1.882803306715701,55.81618004405149,23.79111382134138,-0.2660781972869545,0.0,-17.055029751276308,-11.485694284886547,36.35226091879463,24.208333195662515,23.575697544853313,0.0,-0.046814285679520576,-5.510823916731711,5.872752610923528,33.91791466858103,-196628.57142857136,-266315.45669701725,-0.03199442046801715,-97.22270022761047
2021-02-23,260.3999938964844,271.0,242.97999572753906,269.0799865722656,4018300,0,0,-34677714.1046209,17.253055445322552,36.0,-11.208162599451441,0.1247444257021604,-158.65655174348032,-0.18069517838928636,False,False,False,False,False,False,False,False,False,False,False,True,False,False,False,False,15.324487304687523,0.30913168769275673,-2064.5130007597063,-8685797.727813007,0.0,286.99645889340536,8.61010907282942,-0.21669224307385374,-2.746479785080794,42.3635191756076,24.00671428623717,-0.5014099342574178,0.0,-15.71130777234072,-11.373143323765577,36.119329955760755,12.104166597831258,21.483716235267917,0.0,-0.0720715201563564,-8.755597210430555,7.014086355652939,45.372123424766485,619109.5238095238,-276559.9163016998,-0.36014430388327046,-69.08683123072433
2021-02-24,268.8800048828125,275.25,262.3599853515625,273.5199890136719,2104300,0,0,-33138264.062952258,17.559141970446984,36.0,-14.538313428093431,0.21490125730785373,-101.08723320874871,-0.12128532810720165,False,False,False,False,False,False,False,False,False,False,False,False,False,False,False,False,14.147500610351585,0.3617196543413808,-1862.5235521870611,-6110241.318489553,-7.5550079345703125,283.31322516407045,-4.037990324251005,-0.04695620103729484,-2.847144884727049,37.70220552245378,24.191618154331284,-0.7469629839094347,0.0,-14.948675836129777,-10.628982217539635,39.377808628138325,6.052083298915629,23.287477991934413,0.13864236965711052,-0.10052356923642505,-10.598395250057589,7.824134484745016,48.35865703802248,732426.1904761908,26228.180518004217,-0.3627729770060275,-63.82803456586192
2021-02-25,270.17999267578125,275.489990234375,255.25,260.3399963378906,2900300,0,0,-34579816.68137379,18.199592501755067,-43.99999999999999,-19.005858701818113,0.013929565455876527,-127.47861932942644,-0.08875696726292036,False,False,False,False,False,False,False,False,False,False,False,False,False,False,False,False,24.230509948730457,0.20561410611029232,-1849.8760061319974,-10698197.238357954,-11.21099853515625,276.7470319263584,-15.429976729054705,-0.4497577938727069,-3.582269909061533,37.35580580911091,24.452279009276054,-1.0592326365585056,0.0,-14.127170313722198,-14.50246425685037,33.85691426846424,3.0260416494578144,29.21551493814765,0.0,-0.13846294511006466,-14.017430220018687,9.069514561290653,46.849265318084676,375011.90476190485,-105033.15782679663,-0.338473698366639,-79.43858938897077
2021-02-26,264.2200012207031,266.6600036621094,254.30999755859375,259.5400085449219,2593100,0,0,-34976651.93867268,18.841365960252784,-48.0,-24.708593435848456,0.04210669765271456,-133.05161276581669,-0.0804714184650384,False,False,False,False,False,False,False,False,False,False,False,False,False,False,False,False,16.530004882812477,0.19613894659605058,-1967.6465258122819,-9466233.110870713,-11.21099853515625,272.1225450926513,-21.73193722848989,-0.45851724889284257,-3.8782979467333307,36.86973113500717,24.692919622553763,-1.400947621997919,0.0,-13.451049177106164,-17.420216523419807,33.549448933336336,1.5130208247289072,25.449090234924114,0.0,-0.18148898245177916,-16.865960062922277,10.1947089393305,46.29868647580235,-159990.4761904762,-147723.7639220262,-0.35901071494402625,-80.38610534039495
2021-03-01,269.29998779296875,273.7099914550781,263.2900085449219,272.1700134277344,2742700,0,0,-33044643.812548768,18.823667924012252,-48.0,-25.310298201617115,0.23636553935815788,-88.72471625141911,-0.045275656420537116,False,False,False,False,False,False,False,False,False,False,False,False,False,False,False,False,9.364012145996071,0.34573036784286865,-2063.922283090411,-3165297.753304921,-14.705001831054688,272.12746231720456,-23.578130375267328,-0.05501671823424941,-3.017680037813048,36.89565843733163,24.884957871599187,-1.6688744095338643,0.0,-12.789491100441943,-11.029384404062267,42.43726480320114,0.7565104123644536,24.91611401830704,0.3408866422353868,-0.217468995808459,-16.688701552649917,10.80474946837305,50.233118839513,27352.380952380598,125499.88232477783,-0.34970558390921314,-65.42696321571313
2021-03-02,270.0,280.1000061035156,270.0,270.6000061035156,2822000,0,0,-35531353.47573764,18.28326845238024,-48.0,-20.96212072933423,0.2283767899497411,-68.88415762321812,-0.11541879805165293,False,False,False,False,False,True,False,False,False,False,False,False,True,False,False,False,10.67400207519529,0.3271349968056488,-1992.3570897566747,-3346049.5983964056,-14.705001831054688,271.9874410916642,-24.864384761614513,-0.09463252475251635,-2.3765475724286915,33.24758863164513,24.906926605108936,-1.8819761840839404,0.0,-12.098498842830805,-9.416531265116152,41.690782778065646,0.3782552061822268,28.966810374818923,0.3849893588688537,-0.24787837274836397,-16.76632897917747,11.236510618252249,48.602676133838365,110780.95238095243,117189.45890322188,-0.333247892798361,-67.28650031943512
2021-03-03,270.0,271.3999938964844,246.36000061035156,247.02999877929688,6019200,0,0,-41228440.53166197,19.034701099767943,-60.0,-21.94556094898894,-0.019739611148999872,-127.22655188108247,-0.23831689739257295,False,False,False,False,False,False,False,False,False,False,False,False,False,False,False,False,8.43798828125,0.047968763130952136,-2527.2832288310683,-23135555.09661656,-14.705001831054688,268.27921856075756,-33.1181276410136,-0.7643432336051983,-3.305165525514564,31.792956431731895,25.099671265687245,-2.1825690629000256,0.0,-9.722817736288055,-17.51093673077427,32.459591626838076,0.1891276030911134,24.376337080577173,0.0,-0.2885521212375166,-20.031466933532183,12.15128443645334,46.50918430333428,1067535.714285714,-540567.5826096724,-0.4897210697829165,-94.15752522312019
2021-03-04,255.82000732421875,279.45001220703125,236.0,249.0,15861900,0,0,-47598757.46754347,20.166486357564413,-60.0,-22.21632394229664,0.06945044517605556,-111.60636185147912,-0.25473071648761675,False,False,False,False,False,False,False,False,False,False,False,False,False,False,False,False,5.449999999999989,0.14221638200621436,-2091.2147126347745,-15366481.173861211,-19.82000732421875,265.5800409114289,-40.944505094991,-0.5368955448610789,-3.5315561221901213,24.238968354649572,25.41535697921118,-2.5083989420664516,0.0,-3.053644441940886,-15.464264023322455,33.77937433971361,0.0945638015455567,19.133276519855276,0.0704028013836715,-0.3327031847597531,-22.149524852424182,12.891493311739517,37.561856537826806,4473452.380952381,-397794.32559395424,-0.3707945071202581,-81.15614489787883
2021-03-05,250.63999938964844,250.72999572753906,217.82000732421875,239.72999572753906,20136500,0,0,-40923307.48588091,21.86345784859108,-68.0,-25.326852910658886,0.02985237824001951,-156.4210944611753,-0.11979027087132049,False,False,False,False,False,False,False,False,False,False,False,True,False,False,False,False,9.64399948120115,0.19992690150081663,-2026.9240420833428,-39837761.153653845,-23.654998779296875,261.29523103482927,-48.09130204363524,-0.6375409806967812,-4.015198208210583,18.557424642491924,25.749049560410626,-2.884867575465437,0.0,5.3853261429309,-16.985249414466818,30.735816048084587,0.04728190077277835,16.607229188213072,0.0,-0.38308550879723846,-24.9430064337632,13.760240712843345,39.67706025906966,8914552.38095238,-623165.7997651852,-0.4651200919709677,-74.86464231436173
2021-03-08,235.0,241.16000366210938,212.2899932861328,213.99000549316406,8292100,0,0,-48238845.923322275,23.613520476528386,-72.0,-31.53670600442325,-0.11511500455125853,-176.8599797602631,-0.2032008567062763,False,False,False,False,False,False,False,False,False,False,False,False,False,False,False,False,14.466999816894543,0.014767304150504241,-2200.366631607335,-64637877.134912,-23.654998779296875,252.86873281085738,-56.75953522479155,-1.1357202458775095,-5.6766518049244645,17.369350368399395,26.08699666721968,-3.4279289511552786,0.0,11.501582183961634,-26.154321763199473,24.21233004624662,0.023640950386389175,15.320886459866166,0.0,-0.45238441441231614,-30.01579106067674,15.349156317945793,36.350291104213376,9221771.42857143,-1639989.4293473472,-0.49306844908519476,-98.01655340816092
2021-03-09,221.83999633789062,235.47000122070312,219.16000366210938,230.02000427246094,6280800,0,0,-46155513.238635704,25.2385786310416,-72.0,-39.25414724910962,0.09740456407168463,-142.92855869583462,-0.1568460423419244,False,False,False,False,False,False,False,False,False,True,False,False,False,False,False,False,-2.159006500244118,0.154013285165826,-1809.066241257708,-41020863.78235203,-23.654998779296875,251.0786634435361,-60.14438661279771,-0.615151944487914,-5.310637341304462,23.54818157782401,26.327420377650036,-3.946846935345852,0.0,15.422852805169784,-20.682757147427264,33.6561072300678,0.011820475193194587,15.934949925609738,0.4287753552962379,-0.5202742376881153,-30.64460558241492,16.16930038938002,39.86413187940919,5701607.142857143,-419834.07640790474,-0.4081492258411843,-79.31395450064811
2021-03-10,229.32000732421875,235.35000610351562,221.42999267578125,227.11000061035156,7862300,0,0,-47601450.69476125,26.747561203089585,-72.0,-43.68744075999541,0.10864278999256201,-129.72790432622068,-0.17204854125037986,False,True,False,False,False,False,False,False,False,False,False,False,False,False,False,False,1.6299865722656364,0.12873528481987884,-1849.1686068018405,-38429214.92667354,-23.654998779296875,248.56149447083547,-63.58275777060267,-0.6000998271467924,-4.889634950823066,19.30022139833268,26.32345330010981,-4.4362649064120525,0.0,18.057862273374326,-15.776003800861735,32.85571506310232,0.005910237596597294,13.320121275110779,0.3924351887413884,-0.5857384072315571,-31.398814891802868,17.049763919500716,37.43583900825486,1209900.0,371028.28616759874,-0.4105965770905068,-82.70912826585861
2021-03-11,235.0,241.54800415039062,233.1999969482422,237.80999755859375,5721400,0,0,-47003819.852220185,27.548467135262634,-72.0,-46.324818465288956,0.2371090213612318,-90.05399028343824,-0.14357031961686337,False,False,False,False,False,False,False,False,False,False,False,False,False,False,False,False,9.474989318847634,0.2551745392878367,-1873.8265392046826,-24193761.002909772,-23.654998779296875,248.1589881407795,-59.77082117422728,-0.2589242999637107,-3.5765339234265063,21.774154415708693,26.184944840142926,-4.805848033472039,0.0,19.263774858277852,-11.621075729938699,38.634518166224254,0.002955118798298647,23.92906855892643,0.7913437448369586,-0.6388061714513285,-29.99635395579335,17.280136763615474,40.91194044196184,109000.0,170089.775840251,-0.36962360489387613,-66.18971155671396
2021-03-12,233.8300018310547,235.64999389648438,227.75,230.0,3733400,0,0,-48610597.95603411,28.520689934292115,-72.0,-45.32393677655392,0.18977288930917227,-100.78094898004548,-0.14135185605162806,False,False,False,False,False,False,False,False,False,False,False,False,False,False,False,False,-0.26850280761721024,0.19105055310592148,-1408.421627931704,-24902915.84324465,-23.654998779296875,247.25555267938404,-58.44658606248413,-0.39676753746591875,-2.9462306413210015,21.95876219085919,26.0259167023517,-5.121528895765849,0.0,19.011271401217105,-15.911081735052473,36.18643286752498,0.0014775593991493234,25.73941900538388,0.6570175960003981,-0.6857242181297771,-29.685395570112465,17.386095406030947,43.85368201566356,-733940.4761904757,146946.60050019092,-0.3207981894941184,-73.88290316127576
